40,16,FR,33,2011-09-27,2500.00,20,NULL,2011-10-17,5,0,NULL,15
41,126,FR,20,2012-04-17,2500.00,15,NULL,2011-10-17,5,0,NULL,5
42,17,FR,25,2011-02-09,2500.00,NULL,A         ,2011-10-17,5,0,NULL,16
43,59,FR,34,2011-10-14,2500.00,15,NULL,2011-10-17,5,0,NULL,2
44,132,FR,40,2011-05-04,2500.00,10,NULL,2011-10-17,5,0,NULL,5
45,103,FR,7,2011-08-18,1500.00,20,NULL,2011-10-17,3,0,NULL,2
46,105,FR,1,2011-12-27,2500.00,15,NULL,2011-10-17,5,0,NULL,2
47,43,FR,38,2011-08-05,2500.00,15,NULL,2011-10-17,5,0,NULL,2
48,153,FR,28,2011-06-16,2500.00,20,NULL,2011-10-17,5,0,NULL,2
49,114,FR,19,2011-11-22,2500.00,NULL,A         ,2011-10-17,5,0,NULL,4
50,54,FR,19,2012-03-19,2500.00,10,NULL,2011-10-17,5,0,NULL,4
51,91,FR,33,2011-02-24,2500.00,20,NULL,2011-10-17,5,0,NULL,15
52,105,FR,35,2011-06-22,2500.00,10,NULL,2011-10-17,5,0,NULL,2
53,47,FR,32,2011-01-18,1500.00,15,NULL,2011-10-17,3,0,NULL,2
54,73,FR,6,2011-10-21,2500.00,20,NULL,2011-10-17,5,0,NULL,2
55,166,FR,35,2012-01-18,2500.00,10,NULL,2011-10-17,5,0,NULL,15
56,137,FR,35,2011-06-21,2500.00,NULL,A         ,2011-10-17,5,0,NULL,2
57,52,FR,20,2012-02-21,2500.00,20,NULL,2011-10-17,5,0,NULL,17
58,64,FR,14,2012-01-18,2500.00,10,NULL,2011-10-17,5,0,NULL,3
59,8,FR,30,2011-06-06,2500.00,20,NULL,2011-10-17,5,0,NULL,7
60,96,FR,31,2011-03-07,2500.00,20,NULL,2011-10-17,5,0,NULL,19
61,57,FR,33,2011-07-11,2500.00,20,NULL,2011-10-17,5,0,NULL,2
62,105,FR,2,2011-02-15,2500.00,15,NULL,2011-10-17,5,0,NULL,2
63,35,FR,26,2012-06-14,2500.00,NULL,A         ,2011-10-17,5,0,NULL,2
64,110,FR,5,2011-05-10,2500.00,10,NULL,2011-10-17,5,0,NULL,3
65,118,FR,10,2011-04-13,2500.00,10,NULL,2011-10-17,5,0,NULL,3
66,85,FR,38,2012-01-26,2500.00,20,NULL,2011-10-17,5,0,NULL,2
67,29,FR,37,2011-09-01,2500.00,15,NULL,2011-10-17,5,0,NULL,2
68,9,FR,11,2011-12-15,2500.00,15,NULL,2011-10-17,5,0,NULL,2
69,40,FR,37,2011-05-02,2500.00,20,NULL,2011-10-17,5,0,NULL,3
70,52,FR,8,2012-06-01,2500.00,NULL,A         ,2011-10-17,5,0,NULL,17
71,14,FR,13,2011-09-07,2500.00,10,NULL,2011-10-17,5,0,NULL,13
72,152,FR,34,2011-09-15,2500.00,20,NULL,2011-10-17,5,0,NULL,3
73,35,FR,24,2011-11-29,2500.00,20,NULL,2011-10-17,5,0,NULL,2
74,99,FR,31,2011-01-18,2500.00,10,NULL,2011-10-17,5,0,NULL,2
75,24,FR,29,2011-09-13,2500.00,20,NULL,2011-10-17,5,0,NULL,23
76,1,FR,22,2011-07-08,2500.00,15,NULL,2011-10-17,5,0,NULL,15
77,20,FR,32,2011-12-19,2500.00,NULL,A         ,2011-10-17,5,0,NULL,19
78,6,FR,2,2012-01-18,2500.00,20,NULL,2011-10-17,5,0,NULL,5
79,104,FR,17,2012-02-27,2500.00,10,NULL,2011-10-17,5,0,NULL,3
80,26,FR,33,2011-02-08,2500.00,20,NULL,2011-10-17,5,0,NULL,5
81,41,FR,22,2011-10-26,2500.00,20,NULL,2011-10-17,5,0,NULL,2
82,19,FR,22,2012-02-21,2500.00,15,NULL,2011-10-17,5,0,NULL,2
83,57,FR,24,2011-11-03,2500.00,20,NULL,2011-10-17,5,0,NULL,2
84,93,FR,29,2011-06-27,2500.00,NULL,A         ,2011-10-17,5,0,NULL,2
85,148,FR,4,2012-06-01,2500.00,15,NULL,2011-10-17,5,0,NULL,3
86,143,FR,6,2011-03-04,1500.00,20,NULL,2011-10-17,3,0,NULL,2
87,9,FR,11,2011-02-24,2500.00,20,NULL,2011-10-17,5,0,NULL,2
88,52,FR,27,2011-07-28,2500.00,20,NULL,2011-10-17,5,0,NULL,17
89,136,FR,8,2011-03-04,2500.00,15,NULL,2011-10-17,5,0,NULL,15
90,52,FR,32,2011-03-30,2500.00,20,NULL,2011-10-17,5,0,NULL,17
91,42,FR,17,2012-06-08,2500.00,NULL,A         ,2011-10-17,5,0,NULL,4
92,61,FR,25,2012-01-26,2500.00,10,NULL,2011-10-17,5,0,NULL,15
93,33,FR,20,2012-03-15,2500.00,20,NULL,2011-10-17,5,0,NULL,16
94,62,FR,7,2011-06-28,2500.00,15,NULL,2011-10-17,5,0,NULL,3
95,131,FR,6,2011-10-18,2500.00,20,NULL,2011-10-17,5,0,NULL,2
96,166,FR,19,2011-03-18,2500.00,20,NULL,2011-10-17,5,0,NULL,15
97,95,FR,33,2012-05-31,1500.00,20,NULL,2011-10-17,3,0,NULL,2
98,98,FR,30,2012-06-21,2500.00,NULL,A         ,2011-10-17,5,0,NULL,3
99,1,FR,14,2011-04-12,2500.00,20,NULL,2011-10-17,5,0,NULL,15
100,138,FR,34,2011-07-04,2500.00,15,NULL,2011-10-17,5,0,NULL,4
101,150,FR,24,2011-11-28,2500.00,20,NULL,2011-10-17,5,0,NULL,4
102,124,FR,33,2011-09-07,2500.00,20,NULL,2011-10-17,5,0,NULL,3
103,130,FR,27,2011-01-26,2500.00,20,NULL,2011-10-17,5,0,NULL,3
104,22,FR,3,2011-03-30,2500.00,20,NULL,2011-10-17,5,0,NULL,3
105,60,FR,17,2011-08-24,2500.00,NULL,A         ,2011-10-17,5,0,NULL,1
106,60,FR,19,2011-05-10,2500.00,15,NULL,2011-10-17,5,0,NULL,1
107,22,FR,35,2012-06-11,2500.00,15,NULL,2011-10-17,5,0,NULL,3
108,94,FR,7,2011-01-13,2500.00,20,NULL,2011-10-17,5,0,NULL,3
109,146,FR,28,2011-12-21,2500.00,15,NULL,2011-10-17,5,0,NULL,5
110,82,FR,34,2011-05-23,2500.00,10,NULL,2011-10-17,5,0,NULL,3
111,63,FR,20,2012-03-07,1500.00,20,NULL,2011-10-17,3,0,NULL,2
112,113,FR,13,2011-12-08,2500.00,NULL,A         ,2011-10-17,5,0,NULL,16
113,109,FR,2,2012-05-30,2500.00,15,NULL,2011-10-17,5,0,NULL,2
114,141,FR,36,2011-01-10,2500.00,20,NULL,2011-10-17,5,0,NULL,2
115,28,FR,2,2012-03-20,2500.00,10,NULL,2011-10-17,5,0,NULL,3
116,107,FR,2,2011-01-11,2500.00,15,NULL,2011-10-17,5,0,NULL,2
117,104,FR,33,2011-06-23,2500.00,20,NULL,2011-10-17,5,0,NULL,3
118,89,FR,4,2011-06-27,2500.00,15,NULL,2011-10-17,5,0,NULL,2
119,165,FR,6,2011-11-03,2500.00,NULL,A         ,2011-10-17,5,0,NULL,2
120,19,FR,25,2011-03-15,2500.00,20,NULL,2011-10-17,5,0,NULL,2
121,118,FR,16,2011-06-22,2500.00,15,NULL,2011-10-17,5,0,NULL,3
122,158,FR,37,2011-05-23,2500.00,10,NULL,2011-10-17,5,0,NULL,3
123,119,FR,14,2011-12-12,1500.00,20,NULL,2011-10-17,3,0,NULL,2
124,53,FR,18,2011-02-09,2500.00,20,NULL,2011-10-17,5,0,NULL,2
125,27,FR,4,2011-06-24,2500.00,10,NULL,2011-10-17,5,0,NULL,2
126,50,FR,34,2012-05-30,2500.00,NULL,A         ,2011-10-17,5,0,NULL,7
127,57,FR,39,2011-03-18,2500.00,20,NULL,2011-10-17,5,0,NULL,2
128,78,FR,21,2011-05-12,2500.00,20,NULL,2011-10-17,5,0,NULL,7
129,63,FR,9,2011-04-14,1500.00,20,NULL,2011-10-17,3,0,NULL,2
130,99,FR,7,2011-03-15,2500.00,15,NULL,2011-10-17,5,0,NULL,2
131,71,FR,12,2011-08-08,1500.00,20,NULL,2011-10-17,3,0,NULL,2
132,136,FR,17,2012-04-26,2500.00,20,NULL,2011-10-17,5,0,NULL,15
133,5,FR,11,2011-09-09,2500.00,NULL,A         ,2011-10-17,5,0,NULL,2
134,58,FR,23,2011-10-26,2500.00,15,NULL,2011-10-17,5,0,NULL,3
135,165,FR,19,2011-03-11,2500.00,20,NULL,2011-10-17,5,0,NULL,2
136,123,FR,24,2012-02-23,2500.00,20,NULL,2011-10-17,5,0,NULL,2
137,132,FR,5,2011-03-02,2500.00,15,NULL,2011-10-17,5,0,NULL,5
138,84,FR,14,2011-02-17,2500.00,20,NULL,2011-10-17,5,0,NULL,1
139,84,FR,31,2012-06-21,2500.00,15,NULL,2011-10-17,5,0,NULL,1
140,133,FR,21,2011-09-19,2500.00,NULL,A         ,2011-10-17,5,0,NULL,2
141,102,FR,23,2011-03-15,2500.00,20,NULL,2011-10-17,5,0,NULL,4
142,68,FR,17,2012-06-01,2500.00,10,NULL,2011-10-17,5,0,NULL,3
143,139,FR,14,2012-05-31,2500.00,15,NULL,2011-10-17,5,0,NULL,2
144,153,FR,26,2012-05-28,2500.00,20,NULL,2011-10-17,5,0,NULL,2
145,115,FR,26,2011-05-05,2500.00,10,NULL,2011-10-17,5,0,NULL,2
146,63,FR,30,2011-12-20,1500.00,20,NULL,2011-10-17,3,0,NULL,2
147,104,FR,20,2011-04-08,2500.00,NULL,A         ,2011-10-17,5,0,NULL,3
148,48,FR,3,2012-03-13,2500.00,20,NULL,2011-10-17,5,0,NULL,23
149,134,FR,13,2011-03-08,2500.00,10,NULL,2011-10-17,5,0,NULL,19
150,8,FR,17,2012-02-02,2500.00,20,NULL,2011-10-17,5,0,NULL,7
151,1,FR,18,2011-01-11,2500.00,20,NULL,2011-10-17,5,0,NULL,15
152,92,FR,3,2011-09-22,2500.00,20,NULL,2011-10-17,5,0,NULL,7
153,154,FR,12,2011-05-20,2500.00,20,NULL,2011-10-17,5,0,NULL,17
154,119,FR,24,2011-03-03,1500.00,NULL,A         ,2011-10-17,3,0,NULL,2
155,78,FR,35,2011-01-13,2500.00,15,NULL,2011-10-17,5,0,NULL,7
156,155,FR,9,2011-09-02,2500.00,20,NULL,2011-10-17,5,0,NULL,2
157,60,FR,8,2012-02-27,2500.00,10,NULL,2011-10-17,5,0,NULL,1
158,127,FR,19,2011-02-24,1500.00,10,NULL,2011-10-17,3,0,NULL,2
159,2,FR,13,2011-10-24,2500.00,20,NULL,2011-10-17,5,0,NULL,3
160,153,FR,21,2012-02-07,2500.00,20,NULL,2011-10-17,5,0,NULL,2
161,133,FR,37,2011-11-24,2500.00,NULL,A         ,2011-10-17,5,0,NULL,2
162,38,FR,23,2011-12-08,2500.00,20,NULL,2011-10-17,5,0,NULL,3
163,163,FR,12,2011-01-25,2500.00,20,NULL,2011-10-17,5,0,NULL,2
164,26,FR,29,2011-11-30,2500.00,15,NULL,2011-10-17,5,0,NULL,5
165,141,FR,18,2011-10-25,2500.00,20,NULL,2011-10-17,5,0,NULL,2
166,167,FR,20,2011-10-03,1500.00,10,NULL,2011-10-17,3,0,NULL,2
167,152,FR,39,2011-08-08,2500.00,20,NULL,2011-10-17,5,0,NULL,3
168,110,FR,5,2011-05-25,2500.00,NULL,A         ,2011-10-17,5,0,NULL,3
169,161,FR,27,2012-06-04,2500.00,20,NULL,2011-10-17,5,0,NULL,16
170,122,FR,35,2011-06-10,2500.00,15,NULL,2011-10-17,5,0,NULL,11
171,155,FR,11,2011-04-12,2500.00,20,NULL,2011-10-17,5,0,NULL,2
172,54,FR,3,2011-10-11,2500.00,20,NULL,2011-10-17,5,0,NULL,4
173,90,FR,22,2011-07-28,2500.00,10,NULL,2011-10-17,5,0,NULL,4
174,161,FR,3,2011-01-17,2500.00,20,NULL,2011-10-17,5,0,NULL,16
175,111,FR,14,2011-01-17,1500.00,NULL,A         ,2011-10-17,3,0,NULL,2
176,135,FR,15,2012-06-01,1500.00,20,NULL,2011-10-17,3,0,NULL,2
177,51,FR,38,2011-07-05,2500.00,20,NULL,2011-10-17,5,0,NULL,2
178,36,FR,21,2011-12-27,2500.00,20,NULL,2011-10-17,5,0,NULL,5
179,142,FR,4,2011-02-22,2500.00,10,NULL,2011-10-17,5,0,NULL,3
180,24,FR,6,2011-11-15,2500.00,20,NULL,2011-10-17,5,0,NULL,23
181,116,FR,29,2012-01-19,2500.00,10,NULL,2011-10-17,5,0,NULL,5
182,62,FR,13,2012-02-14,2500.00,NULL,A         ,2011-10-17,5,0,NULL,3
183,8,FR,24,2011-09-06,2500.00,20,NULL,2011-10-17,5,0,NULL,7
184,146,FR,23,2012-05-23,2500.00,10,NULL,2011-10-17,5,0,NULL,5
185,31,FR,16,2011-01-13,1500.00,10,NULL,2011-10-17,3,0,NULL,15
186,78,FR,1,2011-02-02,2500.00,20,NULL,2011-10-17,5,0,NULL,7
187,16,FR,16,2011-05-03,2500.00,15,NULL,2011-10-17,5,0,NULL,15
188,65,FR,25,2011-02-24,2500.00,10,NULL,2011-10-17,5,0,NULL,16
189,15,FR,19,2011-09-14,1500.00,NULL,A         ,2011-10-17,3,0,NULL,2
190,110,FR,36,2011-08-05,2500.00,20,NULL,2011-10-17,5,0,NULL,3
191,75,FR,32,2011-02-24,2500.00,15,NULL,2011-10-17,5,0,NULL,2
192,122,FR,30,2011-06-15,2500.00,20,NULL,2011-10-17,5,0,NULL,11
193,22,FR,18,2012-06-26,2500.00,20,NULL,2011-10-17,5,0,NULL,3
194,9,FR,6,2011-03-11,2500.00,20,NULL,2011-10-17,5,0,NULL,2
195,103,FR,38,2011-04-18,1500.00,20,NULL,2011-10-17,3,0,NULL,2
196,91,FR,31,2011-03-22,2500.00,NULL,A         ,2011-10-17,5,0,NULL,15
197,126,FR,21,2011-10-19,2500.00,20,NULL,2011-10-17,5,0,NULL,5
198,158,FR,26,2012-02-28,2500.00,20,NULL,2011-10-17,5,0,NULL,3
199,149,FR,10,2012-02-09,2500.00,15,NULL,2011-10-17,5,0,NULL,2
200,159,FR,15,2012-03-21,1500.00,20,NULL,2011-10-17,3,0,NULL,2
201,65,FR,34,2012-04-05,2500.00,20,NULL,2011-10-17,5,0,NULL,16
202,131,FR,19,2012-03-13,2500.00,15,NULL,2011-10-17,5,0,NULL,2
203,17,FR,38,2011-01-01,2500.00,NULL,A         ,2011-10-17,5,0,NULL,16
204,163,FR,11,2011-08-24,2500.00,20,NULL,2011-10-17,5,0,NULL,2
205,25,FR,22,2011-12-27,2500.00,15,NULL,2011-10-17,5,0,NULL,2
206,51,FR,11,2011-08-29,2500.00,15,NULL,2011-10-17,5,0,NULL,2
207,48,FR,29,2011-10-04,2500.00,20,NULL,2011-10-17,5,0,NULL,23
208,12,FR,37,2011-11-30,2500.00,15,NULL,2011-10-17,5,0,NULL,11
209,124,FR,4,2011-08-01,2500.00,10,NULL,2011-10-17,5,0,NULL,3
210,120,FR,29,2011-12-06,2500.00,NULL,A         ,2011-10-17,5,0,NULL,17
211,55,FR,40,2012-03-08,1500.00,15,NULL,2011-10-17,3,0,NULL,2
212,153,FR,20,2012-02-24,2500.00,15,NULL,2011-10-17,5,0,NULL,2
213,135,FR,40,2011-09-23,1500.00,20,NULL,2011-10-17,3,0,NULL,2
214,111,FR,31,2011-10-10,1500.00,15,NULL,2011-10-17,3,0,NULL,2
215,24,FR,8,2011-10-20,2500.00,15,NULL,2011-10-17,5,0,NULL,23
216,31,FR,24,2012-04-05,1500.00,20,NULL,2011-10-17,3,0,NULL,15
217,29,FR,1,2011-05-12,2500.00,NULL,A         ,2011-10-17,5,0,NULL,2
218,94,FR,32,2012-06-16,2500.00,15,NULL,2011-10-17,5,0,NULL,3
219,130,FR,15,2011-01-17,2500.00,20,NULL,2011-10-17,5,0,NULL,3
220,78,FR,33,2012-07-02,2500.00,20,NULL,2011-10-17,5,0,NULL,7
221,65,FR,30,2011-06-13,2500.00,20,NULL,2011-10-17,5,0,NULL,16
222,38,FR,12,2011-11-30,2500.00,20,NULL,2011-10-17,5,0,NULL,3
223,124,FR,12,2011-03-11,2500.00,20,NULL,2011-10-17,5,0,NULL,3
224,30,FR,27,2011-12-15,2500.00,NULL,A         ,2011-10-17,5,0,NULL,4
225,19,FR,35,2011-12-15,2500.00,20,NULL,2011-10-17,5,0,NULL,2
226,65,FR,38,2012-02-15,2500.00,10,NULL,2011-10-17,5,0,NULL,16
227,49,FR,40,2011-09-01,2500.00,10,NULL,2011-10-17,5,0,NULL,16
228,81,FR,24,2012-03-28,2500.00,20,NULL,2011-10-17,5,0,NULL,16
229,128,FR,35,2011-07-27,2500.00,10,NULL,2011-10-17,5,0,NULL,3
230,28,FR,28,2012-03-12,2500.00,10,NULL,2011-10-17,5,0,NULL,3
231,24,FR,2,2012-06-27,2500.00,NULL,A         ,2011-10-17,5,0,NULL,23
232,123,FR,30,2011-12-15,2500.00,20,NULL,2011-10-17,5,0,NULL,2
233,162,FR,13,2011-08-25,2500.00,10,NULL,2011-10-17,5,0,NULL,7
234,51,FR,38,2011-01-24,2500.00,20,NULL,2011-10-17,5,0,NULL,2
235,16,FR,31,2012-05-15,2500.00,15,NULL,2011-10-17,5,0,NULL,15
236,123,FR,29,2011-09-21,2500.00,15,NULL,2011-10-17,5,0,NULL,2
237,149,FR,28,2012-06-13,2500.00,20,NULL,2011-10-17,5,0,NULL,2
238,97,FR,29,2012-05-09,2500.00,NULL,A         ,2011-10-17,5,0,NULL,16
239,116,FR,20,2012-01-20,2500.00,15,NULL,2011-10-17,5,0,NULL,5
240,105,FR,34,2011-08-31,2500.00,20,NULL,2011-10-17,5,0,NULL,2
241,41,FR,38,2012-05-02,2500.00,10,NULL,2011-10-17,5,0,NULL,2
242,98,FR,25,2012-02-02,2500.00,10,NULL,2011-10-17,5,0,NULL,3
243,151,FR,37,2011-11-08,1500.00,20,NULL,2011-10-17,3,0,NULL,15
244,90,FR,4,2012-04-25,2500.00,15,NULL,2011-10-17,5,0,NULL,4
245,139,FR,18,2012-01-23,2500.00,NULL,A         ,2011-10-17,5,0,NULL,2
246,2,FR,22,2011-08-03,2500.00,20,NULL,2011-10-17,5,0,NULL,3
247,162,FR,32,2012-05-10,2500.00,10,NULL,2011-10-17,5,0,NULL,7
248,153,FR,17,2012-05-30,2500.00,15,NULL,2011-10-17,5,0,NULL,2
249,88,FR,28,2012-07-02,2500.00,20,NULL,2011-10-17,5,0,NULL,3
250,136,FR,4,2011-04-01,2500.00,15,NULL,2011-10-17,5,0,NULL,15
251,74,FR,22,2011-12-05,2500.00,10,NULL,2011-10-17,5,0,NULL,3
252,147,FR,23,2011-05-09,2500.00,NULL,A         ,2011-10-17,5,0,NULL,2
253,72,FR,5,2012-01-20,2500.00,10,NULL,2011-10-17,5,0,NULL,5
254,97,FR,29,2011-07-26,2500.00,15,NULL,2011-10-17,5,0,NULL,16
255,41,FR,35,2011-04-21,2500.00,20,NULL,2011-10-17,5,0,NULL,2
256,112,FR,31,2011-05-16,2500.00,15,NULL,2011-10-17,5,0,NULL,3
257,54,FR,6,2011-07-25,2500.00,20,NULL,2011-10-17,5,0,NULL,4
258,51,FR,3,2012-03-01,2500.00,20,NULL,2011-10-17,5,0,NULL,2
259,12,FR,29,2011-02-01,2500.00,NULL,A         ,2011-10-17,5,0,NULL,11
260,91,FR,26,2011-09-13,2500.00,15,NULL,2011-10-17,5,0,NULL,15
261,75,FR,30,2012-02-10,2500.00,20,NULL,2011-10-17,5,0,NULL,2
262,148,FR,36,2012-01-31,2500.00,20,NULL,2011-10-17,5,0,NULL,3
263,57,FR,11,2012-02-20,2500.00,15,NULL,2011-10-17,5,0,NULL,2
264,158,FR,25,2012-06-29,2500.00,20,NULL,2011-10-17,5,0,NULL,3
265,117,FR,19,2011-05-30,2500.00,15,NULL,2011-10-17,5,0,NULL,2
266,123,FR,26,2011-09-06,2500.00,NULL,A         ,2011-10-17,5,0,NULL,2
267,145,FR,33,2011-12-13,2500.00,20,NULL,2011-10-17,5,0,NULL,16
268,15,FR,39,2012-04-23,1500.00,20,NULL,2011-10-17,3,0,NULL,2
269,66,FR,2,2011-04-15,2500.00,15,NULL,2011-10-17,5,0,NULL,5
270,133,FR,24,2011-03-25,2500.00,20,NULL,2011-10-17,5,0,NULL,2
271,63,FR,7,2011-10-04,1500.00,15,NULL,2011-10-17,3,0,NULL,2
272,53,FR,36,2012-01-17,2500.00,20,NULL,2011-10-17,5,0,NULL,2
273,25,FR,19,2012-03-28,2500.00,NULL,A         ,2011-10-17,5,0,NULL,2
274,129,FR,7,2011-03-02,2500.00,15,NULL,2011-10-17,5,0,NULL,16
275,53,FR,1,2011-01-27,2500.00,10,NULL,2011-10-17,5,0,NULL,2
276,84,FR,31,2011-03-04,2500.00,20,NULL,2011-10-17,5,0,NULL,1
277,86,FR,3,2011-11-22,2500.00,20,NULL,2011-10-17,5,0,NULL,17
278,117,FR,26,2011-10-05,2500.00,15,NULL,2011-10-17,5,0,NULL,2
279,167,FR,9,2011-01-26,1500.00,20,NULL,2011-10-17,3,0,NULL,2
280,163,FR,38,2011-09-08,2500.00,NULL,A         ,2011-10-17,5,0,NULL,2
281,158,FR,34,2011-09-28,2500.00,10,NULL,2011-10-17,5,0,NULL,3
282,58,FR,13,2011-09-22,2500.00,20,NULL,2011-10-17,5,0,NULL,3
283,26,FR,27,2012-01-13,2500.00,20,NULL,2011-10-17,5,0,NULL,5
284,45,FR,22,2011-08-29,2500.00,10,NULL,2011-10-17,5,0,NULL,2
285,91,FR,18,2011-01-12,2500.00,20,NULL,2011-10-17,5,0,NULL,15
286,141,FR,18,2011-07-20,2500.00,20,NULL,2011-10-17,5,0,NULL,2
287,12,FR,36,2011-08-25,2500.00,NULL,A         ,2011-10-17,5,0,NULL,11
288,152,FR,4,2011-11-22,2500.00,20,NULL,2011-10-17,5,0,NULL,3
289,99,FR,29,2011-12-28,2500.00,10,NULL,2011-10-17,5,0,NULL,2
290,68,FR,32,2012-02-22,2500.00,15,NULL,2011-10-17,5,0,NULL,3
291,62,FR,9,2012-04-24,2500.00,20,NULL,2011-10-17,5,0,NULL,3
292,72,FR,9,2011-10-03,2500.00,20,NULL,2011-10-17,5,0,NULL,5
293,60,FR,32,2011-06-20,2500.00,15,NULL,2011-10-17,5,0,NULL,1
294,30,FR,30,2011-06-08,2500.00,NULL,A         ,2011-10-17,5,0,NULL,4
295,159,FR,28,2011-01-05,1500.00,15,NULL,2011-10-17,3,0,NULL,2
296,104,FR,10,2012-03-19,2500.00,10,NULL,2011-10-17,5,0,NULL,3
297,25,FR,20,2011-06-19,2500.00,20,NULL,2011-10-17,5,0,NULL,2
298,151,FR,13,2011-03-22,1500.00,15,NULL,2011-10-17,3,0,NULL,15
299,2,FR,31,2011-05-30,2500.00,10,NULL,2011-10-17,5,0,NULL,3
300,115,FR,26,2012-01-24,2500.00,20,NULL,2011-10-17,5,0,NULL,2
301,161,FR,10,2011-02-07,2500.00,NULL,A         ,2011-10-17,5,0,NULL,16
302,32,FR,31,2011-06-06,2500.00,10,NULL,2011-10-17,5,0,NULL,3
303,24,FR,25,2012-01-24,2500.00,20,NULL,2011-10-17,5,0,NULL,23
304,41,FR,21,2011-08-24,2500.00,20,NULL,2011-10-17,5,0,NULL,2
305,132,FR,10,2011-03-04,2500.00,10,NULL,2011-10-17,5,0,NULL,5
306,123,FR,2,2011-08-25,2500.00,20,NULL,2011-10-17,5,0,NULL,2
307,10,FR,21,2012-01-26,2500.00,20,NULL,2011-10-17,5,0,NULL,3
308,36,FR,39,2012-06-19,2500.00,NULL,A         ,2011-10-17,5,0,NULL,5
309,98,FR,21,2011-08-22,2500.00,20,NULL,2011-10-17,5,0,NULL,3
310,49,FR,19,2011-02-10,2500.00,15,NULL,2011-10-17,5,0,NULL,16
311,161,FR,19,2012-04-17,2500.00,10,NULL,2011-10-17,5,0,NULL,16
312,20,FR,24,2012-02-07,2500.00,20,NULL,2011-10-17,5,0,NULL,19
313,79,FR,3,2011-01-04,1500.00,20,NULL,2011-10-17,3,0,NULL,2
314,58,FR,28,2011-01-10,2500.00,10,NULL,2011-10-17,5,0,NULL,3
315,120,FR,30,2012-06-08,2500.00,NULL,A         ,2011-10-17,5,0,NULL,17
316,95,FR,12,2012-02-16,1500.00,20,NULL,2011-10-17,3,0,NULL,2
317,11,FR,13,2011-04-05,2500.00,10,NULL,2011-10-17,5,0,NULL,2
318,97,FR,26,2011-11-24,2500.00,20,NULL,2011-10-17,5,0,NULL,16
319,137,FR,6,2012-05-28,2500.00,20,NULL,2011-10-17,5,0,NULL,2
320,96,FR,2,2011-03-30,2500.00,15,NULL,2011-10-17,5,0,NULL,19
321,76,FR,37,2012-06-06,2500.00,20,NULL,2011-10-17,5,0,NULL,15
322,13,FR,39,2012-01-11,2500.00,NULL,A         ,2011-10-17,5,0,NULL,2
323,53,FR,39,2011-08-24,2500.00,20,NULL,2011-10-17,5,0,NULL,2
324,6,FR,10,2012-02-14,2500.00,20,NULL,2011-10-17,5,0,NULL,5
325,20,FR,10,2011-01-24,2500.00,15,NULL,2011-10-17,5,0,NULL,19
326,163,FR,39,2011-09-13,2500.00,20,NULL,2011-10-17,5,0,NULL,2
327,144,FR,40,2012-05-30,2500.00,20,NULL,2011-10-17,5,0,NULL,11
328,49,FR,13,2011-02-03,2500.00,15,NULL,2011-10-17,5,0,NULL,16
329,52,FR,35,2012-05-14,2500.00,NULL,A         ,2011-10-17,5,0,NULL,17
330,38,FR,25,2012-02-23,2500.00,20,NULL,2011-10-17,5,0,NULL,3
331,41,FR,26,2012-02-21,2500.00,10,NULL,2011-10-17,5,0,NULL,2
332,84,FR,34,2012-06-28,2500.00,10,NULL,2011-10-17,5,0,NULL,1
333,22,FR,32,2011-01-28,2500.00,20,NULL,2011-10-17,5,0,NULL,3
334,161,FR,38,2011-12-28,2500.00,10,NULL,2011-10-17,5,0,NULL,16
335,88,FR,27,2011-01-07,2500.00,20,NULL,2011-10-17,5,0,NULL,3
336,56,FR,16,2011-05-23,2500.00,NULL,A         ,2011-10-17,5,0,NULL,5
337,15,FR,36,2011-11-24,1500.00,20,NULL,2011-10-17,3,0,NULL,2
338,40,FR,12,2011-10-05,2500.00,20,NULL,2011-10-17,5,0,NULL,3
339,75,FR,19,2011-02-23,2500.00,20,NULL,2011-10-17,5,0,NULL,2
340,2,FR,31,2011-02-02,2500.00,15,NULL,2011-10-17,5,0,NULL,3
341,65,FR,8,2011-01-21,2500.00,15,NULL,2011-10-17,5,0,NULL,16
342,62,FR,5,2011-12-05,2500.00,20,NULL,2011-10-17,5,0,NULL,3
343,138,FR,34,2012-03-22,2500.00,NULL,A         ,2011-10-17,5,0,NULL,4
344,151,FR,19,2012-01-26,1500.00,10,NULL,2011-10-17,3,0,NULL,15
345,87,FR,13,2011-12-29,1500.00,20,NULL,2011-10-17,3,0,NULL,2
346,67,FR,6,2012-06-07,2500.00,20,NULL,2011-10-17,5,0,NULL,2
347,139,FR,9,2012-02-29,2500.00,20,NULL,2011-10-17,5,0,NULL,2
348,80,FR,27,2012-06-26,2500.00,20,NULL,2011-10-17,5,0,NULL,3
349,32,FR,34,2012-04-19,2500.00,15,NULL,2011-10-17,5,0,NULL,3
350,87,FR,29,2011-04-07,1500.00,NULL,A         ,2011-10-17,3,0,NULL,2
351,96,FR,12,2011-05-24,2500.00,20,NULL,2011-10-17,5,0,NULL,19
352,22,FR,10,2012-01-20,2500.00,15,NULL,2011-10-17,5,0,NULL,3
353,97,FR,38,2011-04-20,2500.00,15,NULL,2011-10-17,5,0,NULL,16
354,152,FR,21,2012-03-06,2500.00,20,NULL,2011-10-17,5,0,NULL,3
355,53,FR,40,2011-11-17,2500.00,15,NULL,2011-10-17,5,0,NULL,2
356,112,FR,14,2012-03-01,2500.00,15,NULL,2011-10-17,5,0,NULL,3
357,81,FR,25,2011-07-27,2500.00,NULL,A         ,2011-10-17,5,0,NULL,16
358,8,FR,21,2011-05-03,2500.00,20,NULL,2011-10-17,5,0,NULL,7
359,140,FR,38,2012-06-28,2500.00,15,NULL,2011-10-17,5,0,NULL,3
360,8,FR,33,2011-11-30,2500.00,20,NULL,2011-10-17,5,0,NULL,7
361,25,FR,35,2011-09-08,2500.00,10,NULL,2011-10-17,5,0,NULL,2
362,130,FR,19,2011-10-31,2500.00,10,NULL,2011-10-17,5,0,NULL,3
363,58,FR,21,2011-07-25,2500.00,20,NULL,2011-10-17,5,0,NULL,3
364,82,FR,5,2012-04-12,2500.00,NULL,A         ,2011-10-17,5,0,NULL,3
365,41,FR,36,2011-05-03,2500.00,20,NULL,2011-10-17,5,0,NULL,2
366,131,FR,17,2011-02-01,2500.00,20,NULL,2011-10-17,5,0,NULL,2
367,96,FR,3,2011-06-14,2500.00,20,NULL,2011-10-17,5,0,NULL,19
368,119,FR,16,2011-10-05,1500.00,10,NULL,2011-10-17,3,0,NULL,2
369,48,FR,29,2011-12-19,2500.00,20,NULL,2011-10-17,5,0,NULL,23
370,46,FR,27,2012-04-23,2500.00,20,NULL,2011-10-17,5,0,NULL,15
371,93,FR,19,2011-01-10,2500.00,NULL,A         ,2011-10-17,5,0,NULL,2
372,11,FR,25,2011-02-16,2500.00,20,NULL,2011-10-17,5,0,NULL,2
373,73,FR,8,2011-07-19,2500.00,10,NULL,2011-10-17,5,0,NULL,2
374,47,FR,2,2012-01-19,1500.00,15,NULL,2011-10-17,3,0,NULL,2
375,133,FR,17,2011-04-15,2500.00,20,NULL,2011-10-17,5,0,NULL,2
376,45,FR,39,2012-05-25,2500.00,20,NULL,2011-10-17,5,0,NULL,2
377,87,FR,21,2012-06-26,1500.00,20,NULL,2011-10-17,3,0,NULL,2
378,57,FR,16,2011-11-09,2500.00,NULL,A         ,2011-10-17,5,0,NULL,2
379,22,FR,37,2011-03-25,2500.00,15,NULL,2011-10-17,5,0,NULL,3
380,31,FR,29,2011-11-24,1500.00,15,NULL,2011-10-17,3,0,NULL,15
381,72,FR,30,2011-05-27,2500.00,20,NULL,2011-10-17,5,0,NULL,5
382,49,FR,36,2011-06-06,2500.00,20,NULL,2011-10-17,5,0,NULL,16
383,84,FR,37,2011-03-11,2500.00,10,NULL,2011-10-17,5,0,NULL,1
384,94,FR,15,2011-02-03,2500.00,20,NULL,2011-10-17,5,0,NULL,3
385,97,FR,11,2012-02-09,2500.00,NULL,A         ,2011-10-17,5,0,NULL,16
386,19,FR,28,2011-08-29,2500.00,10,NULL,2011-10-17,5,0,NULL,2
387,14,FR,8,2012-04-27,2500.00,20,NULL,2011-10-17,5,0,NULL,13
388,148,FR,33,2011-01-07,2500.00,20,NULL,2011-10-17,5,0,NULL,3
389,48,FR,29,2012-02-23,2500.00,15,NULL,2011-10-17,5,0,NULL,23
390,57,FR,27,2011-05-24,2500.00,20,NULL,2011-10-17,5,0,NULL,2
391,20,FR,5,2011-05-26,2500.00,10,NULL,2011-10-17,5,0,NULL,19
392,22,FR,17,2011-07-07,2500.00,NULL,A         ,2011-10-17,5,0,NULL,3
393,154,FR,10,2011-06-19,2500.00,20,NULL,2011-10-17,5,0,NULL,17
394,136,FR,20,2012-05-28,2500.00,10,NULL,2011-10-17,5,0,NULL,15
395,59,FR,14,2011-03-08,2500.00,15,NULL,2011-10-17,5,0,NULL,2
396,20,FR,18,2012-06-01,2500.00,20,NULL,2011-10-17,5,0,NULL,19
397,131,FR,31,2011-02-04,2500.00,15,NULL,2011-10-17,5,0,NULL,2
398,76,FR,2,2011-07-18,2500.00,15,NULL,2011-10-17,5,0,NULL,15
399,152,FR,5,2011-01-06,2500.00,NULL,A         ,2011-10-17,5,0,NULL,3
400,15,FR,17,2011-05-19,1500.00,10,NULL,2011-10-17,3,0,NULL,2
401,124,FR,40,2011-03-22,2500.00,10,NULL,2011-10-17,5,0,NULL,3
402,161,FR,23,2011-10-05,2500.00,20,NULL,2011-10-17,5,0,NULL,16
403,74,FR,29,2011-11-08,2500.00,10,NULL,2011-10-17,5,0,NULL,3
404,154,FR,35,2011-06-07,2500.00,15,NULL,2011-10-17,5,0,NULL,17
405,110,FR,40,2011-10-04,2500.00,20,NULL,2011-10-17,5,0,NULL,3
406,121,FR,40,2012-05-02,2500.00,NULL,A         ,2011-10-17,5,0,NULL,15
407,77,FR,34,2012-03-15,2500.00,10,NULL,2011-10-17,5,0,NULL,2
408,7,FR,13,2011-06-23,1500.00,20,NULL,2011-10-17,3,0,NULL,2
409,14,FR,29,2011-07-07,2500.00,10,NULL,2011-10-17,5,0,NULL,13
410,27,FR,17,2011-10-11,2500.00,15,NULL,2011-10-17,5,0,NULL,2
411,123,FR,18,2012-04-26,2500.00,20,NULL,2011-10-17,5,0,NULL,2
412,133,FR,25,2011-09-06,2500.00,15,NULL,2011-10-17,5,0,NULL,2
413,66,FR,12,2012-06-14,2500.00,NULL,A         ,2011-10-17,5,0,NULL,5
414,130,FR,39,2011-04-18,2500.00,20,NULL,2011-10-17,5,0,NULL,3
415,149,FR,4,2011-05-20,2500.00,15,NULL,2011-10-17,5,0,NULL,2
416,148,FR,39,2011-04-08,2500.00,20,NULL,2011-10-17,5,0,NULL,3
417,38,FR,22,2011-10-17,2500.00,20,NULL,2011-10-17,5,0,NULL,3
418,79,FR,16,2011-05-12,1500.00,15,NULL,2011-10-17,3,0,NULL,2
419,128,FR,12,2011-09-21,2500.00,20,NULL,2011-10-17,5,0,NULL,3
420,142,FR,39,2011-01-25,2500.00,NULL,A         ,2011-10-17,5,0,NULL,3
421,141,FR,31,2012-03-13,2500.00,15,NULL,2011-10-17,5,0,NULL,2
422,67,FR,10,2011-03-01,2500.00,10,NULL,2011-10-17,5,0,NULL,2
423,83,FR,40,2011-05-23,2500.00,20,NULL,2011-10-17,5,0,NULL,2
424,70,FR,20,2011-09-13,2500.00,10,NULL,2011-10-17,5,0,NULL,3
425,19,FR,39,2011-06-07,2500.00,20,NULL,2011-10-17,5,0,NULL,2
426,106,FR,4,2011-06-16,2500.00,20,NULL,2011-10-17,5,0,NULL,15
427,76,FR,31,2012-05-14,2500.00,NULL,A         ,2011-10-17,5,0,NULL,15
428,135,FR,15,2012-02-06,1500.00,20,NULL,2011-10-17,3,0,NULL,2
429,108,FR,39,2012-06-27,2500.00,20,NULL,2011-10-17,5,0,NULL,1
430,33,FR,32,2011-03-18,2500.00,10,NULL,2011-10-17,5,0,NULL,16
431,18,FR,8,2011-10-24,2500.00,15,NULL,2011-10-17,5,0,NULL,17
432,62,FR,24,2011-02-04,2500.00,20,NULL,2011-10-17,5,0,NULL,3
433,29,FR,14,2012-05-29,2500.00,10,NULL,2011-10-17,5,0,NULL,2
434,94,FR,18,2012-02-09,2500.00,NULL,A         ,2011-10-17,5,0,NULL,3
435,122,FR,37,2011-03-23,2500.00,20,NULL,2011-10-17,5,0,NULL,11
436,55,FR,26,2011-09-21,1500.00,10,NULL,2011-10-17,3,0,NULL,2
437,88,FR,24,2011-09-20,2500.00,20,NULL,2011-10-17,5,0,NULL,3
438,151,FR,17,2012-05-15,1500.00,20,NULL,2011-10-17,3,0,NULL,15
439,81,FR,11,2011-01-07,2500.00,10,NULL,2011-10-17,5,0,NULL,16
440,94,FR,6,2011-12-01,2500.00,20,NULL,2011-10-17,5,0,NULL,3
441,42,FR,16,2012-06-06,2500.00,NULL,A         ,2011-10-17,5,0,NULL,4
442,46,FR,6,2012-06-21,2500.00,20,NULL,2011-10-17,5,0,NULL,15
443,94,FR,3,2012-02-20,2500.00,20,NULL,2011-10-17,5,0,NULL,3
444,150,FR,23,2012-02-06,2500.00,20,NULL,2011-10-17,5,0,NULL,4
445,63,FR,32,2011-10-07,1500.00,10,NULL,2011-10-17,3,0,NULL,2
446,138,FR,36,2012-07-02,2500.00,20,NULL,2011-10-17,5,0,NULL,4
447,93,FR,29,2011-07-08,2500.00,20,NULL,2011-10-17,5,0,NULL,2
448,62,FR,39,2011-03-23,2500.00,NULL,A         ,2011-10-17,5,0,NULL,3
449,4,FR,23,2011-03-25,2500.00,15,NULL,2011-10-17,5,0,NULL,3
450,130,FR,37,2011-03-31,2500.00,20,NULL,2011-10-17,5,0,NULL,3
451,90,FR,2,2011-09-26,2500.00,10,NULL,2011-10-17,5,0,NULL,4
452,164,FR,31,2011-02-01,2500.00,10,NULL,2011-10-17,5,0,NULL,3
453,158,FR,35,2012-01-20,2500.00,20,NULL,2011-10-17,5,0,NULL,3
454,51,FR,24,2011-04-07,2500.00,20,NULL,2011-10-17,5,0,NULL,2
455,141,FR,16,2011-08-03,2500.00,NULL,A         ,2011-10-17,5,0,NULL,2
456,50,FR,9,2011-09-29,2500.00,20,NULL,2011-10-17,5,0,NULL,7
457,154,FR,3,2012-02-21,2500.00,20,NULL,2011-10-17,5,0,NULL,17
458,141,FR,20,2012-05-09,2500.00,15,NULL,2011-10-17,5,0,NULL,2
459,35,FR,13,2012-03-22,2500.00,20,NULL,2011-10-17,5,0,NULL,2
460,147,FR,5,2011-06-10,2500.00,10,NULL,2011-10-17,5,0,NULL,2
461,7,FR,5,2012-01-30,1500.00,15,NULL,2011-10-17,3,0,NULL,2
462,10,FR,10,2011-11-29,2500.00,NULL,A         ,2011-10-17,5,0,NULL,3
463,154,FR,12,2012-04-12,2500.00,20,NULL,2011-10-17,5,0,NULL,17
464,92,FR,3,2011-09-15,2500.00,20,NULL,2011-10-17,5,0,NULL,7
465,58,FR,18,2011-04-26,2500.00,20,NULL,2011-10-17,5,0,NULL,3
466,5,FR,32,2012-01-23,2500.00,10,NULL,2011-10-17,5,0,NULL,2
467,7,FR,16,2011-06-07,1500.00,10,NULL,2011-10-17,3,0,NULL,2
468,125,FR,20,2012-01-17,2500.00,20,NULL,2011-10-17,5,0,NULL,2
469,64,FR,13,2011-03-10,2500.00,NULL,A         ,2011-10-17,5,0,NULL,3
470,161,FR,22,2011-02-03,2500.00,10,NULL,2011-10-17,5,0,NULL,16
471,145,FR,16,2011-01-07,2500.00,20,NULL,2011-10-17,5,0,NULL,16
472,75,FR,26,2011-02-15,2500.00,10,NULL,2011-10-17,5,0,NULL,2
473,10,FR,7,2011-12-28,2500.00,10,NULL,2011-10-17,5,0,NULL,3
474,23,FR,31,2011-04-26,1500.00,20,NULL,2011-10-17,3,0,NULL,2
475,69,FR,37,2011-11-22,2500.00,15,NULL,2011-10-17,5,0,NULL,2
476,107,FR,27,2012-02-23,2500.00,NULL,A         ,2011-10-17,5,0,NULL,2
477,100,FR,8,2011-12-16,2500.00,20,NULL,2011-10-17,5,0,NULL,3
478,144,FR,31,2012-02-28,2500.00,15,NULL,2011-10-17,5,0,NULL,11
479,63,FR,11,2012-04-23,1500.00,15,NULL,2011-10-17,3,0,NULL,2
480,83,FR,39,2011-10-31,2500.00,20,NULL,2011-10-17,5,0,NULL,2
481,83,FR,35,2012-03-05,2500.00,10,NULL,2011-10-17,5,0,NULL,2
482,63,FR,39,2011-08-11,1500.00,20,NULL,2011-10-17,3,0,NULL,2
483,168,FR,20,2011-02-08,2500.00,NULL,A         ,2011-10-17,5,0,NULL,1
484,70,FR,11,2011-11-30,2500.00,10,NULL,2011-10-17,5,0,NULL,3
485,110,FR,11,2012-03-08,2500.00,15,NULL,2011-10-17,5,0,NULL,3
486,106,FR,4,2011-10-27,2500.00,20,NULL,2011-10-17,5,0,NULL,15
487,57,FR,34,2011-07-22,2500.00,15,NULL,2011-10-17,5,0,NULL,2
488,155,FR,12,2012-06-22,2500.00,20,NULL,2011-10-17,5,0,NULL,2
489,19,FR,13,2012-01-02,2500.00,20,NULL,2011-10-17,5,0,NULL,2
490,23,FR,24,2011-03-17,1500.00,NULL,A         ,2011-10-17,3,0,NULL,2
491,74,FR,11,2011-08-11,2500.00,15,NULL,2011-10-17,5,0,NULL,3
492,100,FR,23,2012-03-13,2500.00,20,NULL,2011-10-17,5,0,NULL,3
493,31,FR,37,2011-07-25,1500.00,15,NULL,2011-10-17,3,0,NULL,15
494,75,FR,10,2011-01-13,2500.00,10,NULL,2011-10-17,5,0,NULL,2
495,82,FR,23,2011-11-22,2500.00,20,NULL,2011-10-17,5,0,NULL,3
496,80,FR,18,2011-06-30,2500.00,20,NULL,2011-10-17,5,0,NULL,3
497,22,FR,7,2011-01-24,2500.00,NULL,A         ,2011-10-17,5,0,NULL,3
498,108,FR,35,2011-09-16,2500.00,20,NULL,2011-10-17,5,0,NULL,1
499,136,FR,12,2011-03-07,2500.00,20,NULL,2011-10-17,5,0,NULL,15
500,91,FR,31,2012-03-15,2500.00,10,NULL,2011-10-17,5,0,NULL,15
501,105,FR,1,2011-08-09,2500.00,20,NULL,2011-10-17,5,0,NULL,2
502,95,FR,19,2012-05-25,1500.00,15,NULL,2011-10-17,3,0,NULL,2
503,103,FR,24,2012-01-24,1500.00,20,NULL,2011-10-17,3,0,NULL,2
504,1,FR,12,2011-01-13,2500.00,NULL,A         ,2011-10-17,5,0,NULL,15
505,144,FR,16,2011-02-23,2500.00,15,NULL,2011-10-17,5,0,NULL,11
506,27,FR,7,2012-05-30,2500.00,10,NULL,2011-10-17,5,0,NULL,2
507,21,FR,3,2012-04-16,2500.00,20,NULL,2011-10-17,5,0,NULL,2
508,161,FR,11,2012-05-03,2500.00,10,NULL,2011-10-17,5,0,NULL,16
509,132,FR,30,2011-07-22,2500.00,20,NULL,2011-10-17,5,0,NULL,5
510,19,FR,19,2012-04-10,2500.00,20,NULL,2011-10-17,5,0,NULL,2
511,49,FR,7,2012-02-16,2500.00,NULL,A         ,2011-10-17,5,0,NULL,16
512,143,FR,35,2012-03-13,1500.00,15,NULL,2011-10-17,3,0,NULL,2
513,85,FR,38,2011-01-27,2500.00,20,NULL,2011-10-17,5,0,NULL,2
514,76,FR,15,2011-05-05,2500.00,20,NULL,2011-10-17,5,0,NULL,15
515,39,FR,1,2011-05-09,1500.00,10,NULL,2011-10-17,3,0,NULL,2
516,25,FR,26,2011-05-16,2500.00,20,NULL,2011-10-17,5,0,NULL,2
517,43,FR,20,2011-04-26,2500.00,10,NULL,2011-10-17,5,0,NULL,2
518,102,FR,32,2011-03-22,2500.00,NULL,A         ,2011-10-17,5,0,NULL,4
519,117,FR,2,2012-03-19,2500.00,20,NULL,2011-10-17,5,0,NULL,2
520,69,FR,32,2011-07-25,2500.00,10,NULL,2011-10-17,5,0,NULL,2
521,119,FR,20,2011-02-03,1500.00,15,NULL,2011-10-17,3,0,NULL,2
522,10,FR,14,2011-02-03,2500.00,20,NULL,2011-10-17,5,0,NULL,3
523,152,FR,25,2011-09-13,2500.00,15,NULL,2011-10-17,5,0,NULL,3
524,57,FR,40,2011-09-22,2500.00,10,NULL,2011-10-17,5,0,NULL,2
525,72,FR,25,2011-09-15,2500.00,NULL,A         ,2011-10-17,5,0,NULL,5
526,23,FR,35,2011-09-15,1500.00,10,NULL,2011-10-17,3,0,NULL,2
527,71,FR,27,2011-10-25,1500.00,20,NULL,2011-10-17,3,0,NULL,2
528,7,FR,35,2011-12-21,1500.00,20,NULL,2011-10-17,3,0,NULL,2
529,149,FR,35,2011-07-25,2500.00,10,NULL,2011-10-17,5,0,NULL,2
530,106,FR,32,2012-05-23,2500.00,15,NULL,2011-10-17,5,0,NULL,15
531,57,FR,2,2011-04-14,2500.00,20,NULL,2011-10-17,5,0,NULL,2
532,1,FR,14,2011-04-18,2500.00,NULL,A         ,2011-10-17,5,0,NULL,15
533,98,FR,38,2012-02-24,2500.00,15,NULL,2011-10-17,5,0,NULL,3
534,35,FR,17,2011-06-20,2500.00,20,NULL,2011-10-17,5,0,NULL,2
535,64,FR,14,2011-04-14,2500.00,10,NULL,2011-10-17,5,0,NULL,3
536,74,FR,38,2011-02-10,2500.00,15,NULL,2011-10-17,5,0,NULL,3
537,99,FR,8,2011-03-25,2500.00,20,NULL,2011-10-17,5,0,NULL,2
538,155,FR,34,2011-04-07,2500.00,15,NULL,2011-10-17,5,0,NULL,2
539,93,FR,39,2011-04-27,2500.00,NULL,A         ,2011-10-17,5,0,NULL,2
540,50,FR,15,2011-09-16,2500.00,20,NULL,2011-10-17,5,0,NULL,7
541,49,FR,7,2011-06-21,2500.00,15,NULL,2011-10-17,5,0,NULL,16
542,163,FR,37,2011-05-30,2500.00,10,NULL,2011-10-17,5,0,NULL,2
543,81,FR,5,2011-06-14,2500.00,20,NULL,2011-10-17,5,0,NULL,16
544,160,FR,21,2011-12-15,2500.00,20,NULL,2011-10-17,5,0,NULL,3
545,21,FR,23,2011-03-08,2500.00,15,NULL,2011-10-17,5,0,NULL,2
546,114,FR,16,2011-04-28,2500.00,NULL,A         ,2011-10-17,5,0,NULL,4
547,148,FR,23,2012-04-17,2500.00,10,NULL,2011-10-17,5,0,NULL,3
548,78,FR,4,2012-05-03,2500.00,10,NULL,2011-10-17,5,0,NULL,7
549,1,FR,39,2011-09-01,2500.00,20,NULL,2011-10-17,5,0,NULL,15
550,55,FR,34,2011-07-12,1500.00,15,NULL,2011-10-17,3,0,NULL,2
551,104,FR,39,2012-05-22,2500.00,20,NULL,2011-10-17,5,0,NULL,3
552,142,FR,26,2012-02-29,2500.00,20,NULL,2011-10-17,5,0,NULL,3
553,62,FR,38,2012-03-02,2500.00,NULL,A         ,2011-10-17,5,0,NULL,3
554,11,FR,9,2011-10-26,2500.00,20,NULL,2011-10-17,5,0,NULL,2
555,54,FR,40,2011-03-29,2500.00,20,NULL,2011-10-17,5,0,NULL,4
556,150,FR,13,2011-12-06,2500.00,15,NULL,2011-10-17,5,0,NULL,4
557,114,FR,9,2012-01-20,2500.00,20,NULL,2011-10-17,5,0,NULL,4
558,141,FR,33,2011-11-14,2500.00,20,NULL,2011-10-17,5,0,NULL,2
559,84,FR,34,2012-02-15,2500.00,15,NULL,2011-10-17,5,0,NULL,1
560,109,FR,12,2011-03-09,2500.00,NULL,A         ,2011-10-17,5,0,NULL,2
561,80,FR,2,2011-04-26,2500.00,20,NULL,2011-10-17,5,0,NULL,3
562,79,FR,24,2011-09-02,1500.00,20,NULL,2011-10-17,3,0,NULL,2
563,126,FR,36,2011-09-22,2500.00,20,NULL,2011-10-17,5,0,NULL,5
564,162,FR,37,2012-04-10,2500.00,20,NULL,2011-10-17,5,0,NULL,7
565,122,FR,28,2011-10-06,2500.00,15,NULL,2011-10-17,5,0,NULL,11
566,45,FR,29,2012-06-16,2500.00,15,NULL,2011-10-17,5,0,NULL,2
567,4,FR,33,2012-02-22,2500.00,NULL,A         ,2011-10-17,5,0,NULL,3
568,59,FR,2,2011-07-11,2500.00,10,NULL,2011-10-17,5,0,NULL,2
569,155,FR,8,2012-01-09,2500.00,15,NULL,2011-10-17,5,0,NULL,2
570,29,FR,40,2012-06-22,2500.00,20,NULL,2011-10-17,5,0,NULL,2
571,102,FR,29,2012-03-28,2500.00,10,NULL,2011-10-17,5,0,NULL,4
572,104,FR,13,2011-11-28,2500.00,10,NULL,2011-10-17,5,0,NULL,3
573,70,FR,28,2011-05-03,2500.00,20,NULL,2011-10-17,5,0,NULL,3
574,16,FR,22,2012-06-26,2500.00,NULL,A         ,2011-10-17,5,0,NULL,15
575,1,FR,15,2012-01-02,2500.00,20,NULL,2011-10-17,5,0,NULL,15
576,105,FR,20,2012-01-16,2500.00,20,NULL,2011-10-17,5,0,NULL,2
577,147,FR,21,2011-01-28,2500.00,20,NULL,2011-10-17,5,0,NULL,2
578,63,FR,11,2011-12-27,1500.00,15,NULL,2011-10-17,3,0,NULL,2
579,118,FR,13,2011-10-07,2500.00,20,NULL,2011-10-17,5,0,NULL,3
580,84,FR,36,2011-03-18,2500.00,20,NULL,2011-10-17,5,0,NULL,1
581,79,FR,15,2012-01-09,1500.00,NULL,A         ,2011-10-17,3,0,NULL,2
582,73,FR,15,2011-06-27,2500.00,20,NULL,2011-10-17,5,0,NULL,2
583,143,FR,4,2011-09-20,1500.00,15,NULL,2011-10-17,3,0,NULL,2
584,23,FR,6,2011-03-21,1500.00,20,NULL,2011-10-17,3,0,NULL,2
585,109,FR,30,2012-03-21,2500.00,20,NULL,2011-10-17,5,0,NULL,2
586,153,FR,28,2011-12-28,2500.00,15,NULL,2011-10-17,5,0,NULL,2
587,83,FR,28,2012-04-06,2500.00,10,NULL,2011-10-17,5,0,NULL,2
588,142,FR,9,2012-02-27,2500.00,NULL,A         ,2011-10-17,5,0,NULL,3
589,53,FR,35,2012-06-29,2500.00,10,NULL,2011-10-17,5,0,NULL,2
590,128,FR,12,2012-03-23,2500.00,20,NULL,2011-10-17,5,0,NULL,3
591,144,FR,4,2011-06-08,2500.00,20,NULL,2011-10-17,5,0,NULL,11
592,6,FR,30,2012-03-08,2500.00,20,NULL,2011-10-17,5,0,NULL,5
593,119,FR,35,2011-03-09,1500.00,15,NULL,2011-10-17,3,0,NULL,2
594,157,FR,26,2012-06-22,2500.00,20,NULL,2011-10-17,5,0,NULL,2
595,144,FR,37,2012-02-29,2500.00,NULL,A         ,2011-10-17,5,0,NULL,11
596,92,FR,17,2012-06-19,2500.00,15,NULL,2011-10-17,5,0,NULL,7
597,96,FR,31,2011-05-20,2500.00,20,NULL,2011-10-17,5,0,NULL,19
598,78,FR,7,2011-03-24,2500.00,15,NULL,2011-10-17,5,0,NULL,7
599,85,FR,23,2011-09-19,2500.00,15,NULL,2011-10-17,5,0,NULL,2
600,147,FR,15,2011-09-02,2500.00,20,NULL,2011-10-17,5,0,NULL,2
601,115,FR,9,2011-06-09,2500.00,20,NULL,2011-10-17,5,0,NULL,2
602,133,FR,32,2011-03-03,2500.00,NULL,A         ,2011-10-17,5,0,NULL,2
603,113,FR,20,2012-04-27,2500.00,20,NULL,2011-10-17,5,0,NULL,16
604,126,FR,12,2011-12-14,2500.00,20,NULL,2011-10-17,5,0,NULL,5
605,149,FR,7,2011-02-21,2500.00,10,NULL,2011-10-17,5,0,NULL,2
606,105,FR,39,2011-01-06,2500.00,20,NULL,2011-10-17,5,0,NULL,2
607,106,FR,25,2011-11-16,2500.00,15,NULL,2011-10-17,5,0,NULL,15
608,159,FR,25,2011-04-20,1500.00,10,NULL,2011-10-17,3,0,NULL,2
609,136,FR,32,2011-04-05,2500.00,NULL,A         ,2011-10-17,5,0,NULL,15
610,94,FR,20,2011-12-28,2500.00,10,NULL,2011-10-17,5,0,NULL,3
611,142,FR,25,2011-08-08,2500.00,10,NULL,2011-10-17,5,0,NULL,3
612,166,FR,21,2011-01-19,2500.00,20,NULL,2011-10-17,5,0,NULL,15
613,23,FR,35,2011-01-27,1500.00,10,NULL,2011-10-17,3,0,NULL,2
614,77,FR,12,2012-04-17,2500.00,20,NULL,2011-10-17,5,0,NULL,2
615,127,FR,40,2012-06-13,1500.00,20,NULL,2011-10-17,3,0,NULL,2
616,164,FR,15,2011-08-23,2500.00,NULL,A         ,2011-10-17,5,0,NULL,3
617,42,FR,16,2011-02-04,2500.00,10,NULL,2011-10-17,5,0,NULL,4
618,101,FR,30,2011-09-19,2500.00,20,NULL,2011-10-17,5,0,NULL,2
619,42,FR,8,2012-03-28,2500.00,10,NULL,2011-10-17,5,0,NULL,4
620,98,FR,10,2012-05-25,2500.00,10,NULL,2011-10-17,5,0,NULL,3
621,132,FR,11,2011-07-22,2500.00,20,NULL,2011-10-17,5,0,NULL,5
622,141,FR,18,2011-09-29,2500.00,20,NULL,2011-10-17,5,0,NULL,2
623,134,FR,31,2011-01-27,2500.00,NULL,A         ,2011-10-17,5,0,NULL,19
624,6,FR,28,2011-12-27,2500.00,20,NULL,2011-10-17,5,0,NULL,5
625,56,FR,11,2012-01-26,2500.00,10,NULL,2011-10-17,5,0,NULL,5
626,131,FR,3,2011-05-24,2500.00,20,NULL,2011-10-17,5,0,NULL,2
627,157,FR,10,2011-09-27,2500.00,20,NULL,2011-10-17,5,0,NULL,2
628,48,FR,18,2011-06-24,2500.00,20,NULL,2011-10-17,5,0,NULL,23
629,58,FR,21,2011-01-31,2500.00,20,NULL,2011-10-17,5,0,NULL,3
630,24,FR,31,2011-01-31,2500.00,NULL,A         ,2011-10-17,5,0,NULL,23
631,29,FR,1,2011-05-02,2500.00,15,NULL,2011-10-17,5,0,NULL,2
632,74,FR,19,2012-01-11,2500.00,10,NULL,2011-10-17,5,0,NULL,3
633,65,FR,21,2012-05-23,2500.00,20,NULL,2011-10-17,5,0,NULL,16
634,85,FR,28,2011-01-13,2500.00,15,NULL,2011-10-17,5,0,NULL,2
635,24,FR,40,2011-11-29,2500.00,10,NULL,2011-10-17,5,0,NULL,23
636,129,FR,20,2011-10-10,2500.00,20,NULL,2011-10-17,5,0,NULL,16
637,27,FR,10,2011-10-17,2500.00,NULL,A         ,2011-10-17,5,0,NULL,2
638,22,FR,18,2011-01-18,2500.00,20,NULL,2011-10-17,5,0,NULL,3
639,164,FR,21,2011-06-17,2500.00,20,NULL,2011-10-17,5,0,NULL,3
640,75,FR,31,2011-05-03,2500.00,15,NULL,2011-10-17,5,0,NULL,2
641,147,FR,2,2011-06-22,2500.00,15,NULL,2011-10-17,5,0,NULL,2
642,119,FR,40,2011-06-29,1500.00,20,NULL,2011-10-17,3,0,NULL,2
643,123,FR,25,2011-02-15,2500.00,15,NULL,2011-10-17,5,0,NULL,2
644,91,FR,35,2011-03-14,2500.00,NULL,A         ,2011-10-17,5,0,NULL,15
645,166,FR,32,2011-12-16,2500.00,20,NULL,2011-10-17,5,0,NULL,15
646,93,FR,22,2011-06-10,2500.00,15,NULL,2011-10-17,5,0,NULL,2
647,95,FR,4,2011-12-14,1500.00,10,NULL,2011-10-17,3,0,NULL,2
648,153,FR,27,2011-11-02,2500.00,20,NULL,2011-10-17,5,0,NULL,2
649,165,FR,29,2011-02-04,2500.00,10,NULL,2011-10-17,5,0,NULL,2
650,9,FR,39,2012-01-17,2500.00,20,NULL,2011-10-17,5,0,NULL,2
651,8,FR,11,2011-03-09,2500.00,NULL,A         ,2011-10-17,5,0,NULL,7
652,97,FR,19,2012-01-13,2500.00,15,NULL,2011-10-17,5,0,NULL,16
653,101,FR,16,2011-04-14,2500.00,10,NULL,2011-10-17,5,0,NULL,2
654,46,FR,11,2011-03-02,2500.00,20,NULL,2011-10-17,5,0,NULL,15
655,113,FR,22,2011-08-18,2500.00,15,NULL,2011-10-17,5,0,NULL,16
656,149,FR,16,2011-04-21,2500.00,10,NULL,2011-10-17,5,0,NULL,2
657,65,FR,20,2011-05-12,2500.00,20,NULL,2011-10-17,5,0,NULL,16
658,93,FR,31,2011-12-29,2500.00,NULL,A         ,2011-10-17,5,0,NULL,2
659,149,FR,23,2012-06-16,2500.00,15,NULL,2011-10-17,5,0,NULL,2
660,152,FR,17,2012-01-23,2500.00,20,NULL,2011-10-17,5,0,NULL,3
661,19,FR,20,2012-02-02,2500.00,10,NULL,2011-10-17,5,0,NULL,2
662,163,FR,22,2011-08-31,2500.00,10,NULL,2011-10-17,5,0,NULL,2
663,87,FR,32,2012-02-14,1500.00,20,NULL,2011-10-17,3,0,NULL,2
664,76,FR,1,2011-10-19,2500.00,15,NULL,2011-10-17,5,0,NULL,15
665,109,FR,26,2011-05-24,2500.00,NULL,A         ,2011-10-17,5,0,NULL,2
666,158,FR,29,2011-10-17,2500.00,20,NULL,2011-10-17,5,0,NULL,3
667,163,FR,22,2011-10-14,2500.00,15,NULL,2011-10-17,5,0,NULL,2
668,63,FR,30,2011-01-10,1500.00,20,NULL,2011-10-17,3,0,NULL,2
669,74,FR,18,2011-11-04,2500.00,20,NULL,2011-10-17,5,0,NULL,3
670,134,FR,21,2011-11-25,2500.00,20,NULL,2011-10-17,5,0,NULL,19
671,101,FR,19,2011-02-02,2500.00,10,NULL,2011-10-17,5,0,NULL,2
672,137,FR,9,2011-04-26,2500.00,NULL,A         ,2011-10-17,5,0,NULL,2
673,54,FR,12,2011-05-05,2500.00,20,NULL,2011-10-17,5,0,NULL,4
674,157,FR,19,2012-01-25,2500.00,10,NULL,2011-10-17,5,0,NULL,2
675,147,FR,10,2011-11-23,2500.00,20,NULL,2011-10-17,5,0,NULL,2
676,149,FR,32,2011-10-13,2500.00,10,NULL,2011-10-17,5,0,NULL,2
677,120,FR,27,2012-04-05,2500.00,20,NULL,2011-10-17,5,0,NULL,17
678,123,FR,29,2011-07-01,2500.00,20,NULL,2011-10-17,5,0,NULL,2
679,13,FR,31,2011-07-08,2500.00,NULL,A         ,2011-10-17,5,0,NULL,2
680,8,FR,21,2011-11-24,2500.00,20,NULL,2011-10-17,5,0,NULL,7
681,118,FR,32,2011-10-05,2500.00,20,NULL,2011-10-17,5,0,NULL,3
682,78,FR,32,2011-01-05,2500.00,10,NULL,2011-10-17,5,0,NULL,7
683,42,FR,39,2011-12-20,2500.00,20,NULL,2011-10-17,5,0,NULL,4
684,32,FR,16,2011-02-03,2500.00,20,NULL,2011-10-17,5,0,NULL,3
685,4,FR,14,2011-10-27,2500.00,10,NULL,2011-10-17,5,0,NULL,3
686,7,FR,21,2011-02-02,1500.00,NULL,A         ,2011-10-17,3,0,NULL,2
687,167,FR,26,2011-08-30,1500.00,20,NULL,2011-10-17,3,0,NULL,2
688,154,FR,21,2012-06-25,2500.00,20,NULL,2011-10-17,5,0,NULL,17
689,133,FR,36,2011-05-25,2500.00,20,NULL,2011-10-17,5,0,NULL,2
690,110,FR,2,2012-06-21,2500.00,20,NULL,2011-10-17,5,0,NULL,3
691,92,FR,3,2011-09-26,2500.00,20,NULL,2011-10-17,5,0,NULL,7
692,126,FR,2,2011-02-23,2500.00,15,NULL,2011-10-17,5,0,NULL,5
693,62,FR,38,2012-01-25,2500.00,NULL,A         ,2011-10-17,5,0,NULL,3
694,158,FR,3,2011-04-07,2500.00,20,NULL,2011-10-17,5,0,NULL,3
695,163,FR,5,2011-07-25,2500.00,15,NULL,2011-10-17,5,0,NULL,2
696,58,FR,40,2011-11-03,2500.00,20,NULL,2011-10-17,5,0,NULL,3
697,108,FR,5,2011-08-26,2500.00,10,NULL,2011-10-17,5,0,NULL,1
698,2,FR,12,2012-06-26,2500.00,20,NULL,2011-10-17,5,0,NULL,3
699,79,FR,7,2012-04-03,1500.00,20,NULL,2011-10-17,3,0,NULL,2
700,108,FR,39,2011-03-03,2500.00,NULL,A         ,2011-10-17,5,0,NULL,1
701,80,FR,36,2011-10-03,2500.00,20,NULL,2011-10-17,5,0,NULL,3
702,138,FR,16,2011-06-13,2500.00,20,NULL,2011-10-17,5,0,NULL,4
703,96,FR,31,2011-05-09,2500.00,15,NULL,2011-10-17,5,0,NULL,19
704,86,FR,4,2011-10-10,2500.00,10,NULL,2011-10-17,5,0,NULL,17
705,78,FR,35,2012-04-16,2500.00,20,NULL,2011-10-17,5,0,NULL,7
706,131,FR,34,2012-01-03,2500.00,15,NULL,2011-10-17,5,0,NULL,2
707,66,FR,2,2011-06-16,2500.00,NULL,A         ,2011-10-17,5,0,NULL,5
708,100,FR,24,2011-03-14,2500.00,20,NULL,2011-10-17,5,0,NULL,3
709,33,FR,22,2011-03-31,2500.00,15,NULL,2011-10-17,5,0,NULL,16
710,29,FR,36,2011-03-07,2500.00,20,NULL,2011-10-17,5,0,NULL,2
711,97,FR,5,2012-05-30,2500.00,20,NULL,2011-10-17,5,0,NULL,16
712,147,FR,38,2011-11-03,2500.00,10,NULL,2011-10-17,5,0,NULL,2
713,139,FR,24,2012-06-11,2500.00,20,NULL,2011-10-17,5,0,NULL,2
714,60,FR,15,2012-06-19,2500.00,NULL,A         ,2011-10-17,5,0,NULL,1
715,26,FR,38,2012-05-03,2500.00,10,NULL,2011-10-17,5,0,NULL,5
716,133,FR,9,2011-09-09,2500.00,20,NULL,2011-10-17,5,0,NULL,2
717,79,FR,16,2011-04-19,1500.00,20,NULL,2011-10-17,3,0,NULL,2
718,127,FR,27,2012-03-13,1500.00,20,NULL,2011-10-17,3,0,NULL,2
719,17,FR,38,2011-12-05,2500.00,15,NULL,2011-10-17,5,0,NULL,16
720,148,FR,14,2011-12-29,2500.00,20,NULL,2011-10-17,5,0,NULL,3
721,110,FR,1,2011-10-24,2500.00,NULL,A         ,2011-10-17,5,0,NULL,3
722,3,FR,14,2011-09-28,2500.00,15,NULL,2011-10-17,5,0,NULL,2
723,71,FR,30,2012-03-30,1500.00,20,NULL,2011-10-17,3,0,NULL,2
724,84,FR,18,2011-08-23,2500.00,20,NULL,2011-10-17,5,0,NULL,1
725,39,FR,40,2012-06-21,1500.00,10,NULL,2011-10-17,3,0,NULL,2
726,43,FR,3,2011-08-26,2500.00,20,NULL,2011-10-17,5,0,NULL,2
727,58,FR,37,2011-07-26,2500.00,15,NULL,2011-10-17,5,0,NULL,3
728,32,FR,10,2011-04-20,2500.00,NULL,A         ,2011-10-17,5,0,NULL,3
729,9,FR,7,2011-09-29,2500.00,20,NULL,2011-10-17,5,0,NULL,2
730,79,FR,13,2011-09-09,1500.00,15,NULL,2011-10-17,3,0,NULL,2
731,166,FR,31,2012-04-13,2500.00,10,NULL,2011-10-17,5,0,NULL,15
732,67,FR,4,2012-06-26,2500.00,20,NULL,2011-10-17,5,0,NULL,2
733,133,FR,12,2011-02-24,2500.00,20,NULL,2011-10-17,5,0,NULL,2
734,17,FR,31,2012-06-01,2500.00,10,NULL,2011-10-17,5,0,NULL,16
735,53,FR,30,2012-06-28,2500.00,NULL,A         ,2011-10-17,5,0,NULL,2
736,77,FR,13,2011-03-25,2500.00,15,NULL,2011-10-17,5,0,NULL,2
737,22,FR,14,2011-05-04,2500.00,15,NULL,2011-10-17,5,0,NULL,3
738,128,FR,31,2011-09-14,2500.00,20,NULL,2011-10-17,5,0,NULL,3
739,82,FR,18,2011-04-29,2500.00,20,NULL,2011-10-17,5,0,NULL,3
740,49,FR,39,2011-04-15,2500.00,20,NULL,2011-10-17,5,0,NULL,16
741,128,FR,28,2011-02-01,2500.00,20,NULL,2011-10-17,5,0,NULL,3
742,118,FR,21,2012-03-27,2500.00,NULL,A         ,2011-10-17,5,0,NULL,3
743,73,FR,37,2011-12-05,2500.00,10,NULL,2011-10-17,5,0,NULL,2
744,45,FR,37,2011-10-27,2500.00,20,NULL,2011-10-17,5,0,NULL,2
745,127,FR,11,2011-01-06,1500.00,10,NULL,2011-10-17,3,0,NULL,2
746,131,FR,6,2012-05-31,2500.00,20,NULL,2011-10-17,5,0,NULL,2
747,40,FR,12,2011-06-07,2500.00,20,NULL,2011-10-17,5,0,NULL,3
748,79,FR,15,2011-09-23,1500.00,20,NULL,2011-10-17,3,0,NULL,2
749,33,FR,30,2011-04-08,2500.00,NULL,A         ,2011-10-17,5,0,NULL,16
750,130,FR,7,2012-03-19,2500.00,20,NULL,2011-10-17,5,0,NULL,3
751,39,FR,8,2011-06-29,1500.00,10,NULL,2011-10-17,3,0,NULL,2
752,106,FR,34,2012-04-12,2500.00,10,NULL,2011-10-17,5,0,NULL,15
753,67,FR,34,2011-04-08,2500.00,20,NULL,2011-10-17,5,0,NULL,2
754,103,FR,3,2011-04-28,1500.00,20,NULL,2011-10-17,3,0,NULL,2
755,136,FR,1,2012-02-10,2500.00,10,NULL,2011-10-17,5,0,NULL,15
756,36,FR,17,2011-06-08,2500.00,NULL,A         ,2011-10-17,5,0,NULL,5
757,156,FR,6,2011-01-17,2500.00,20,NULL,2011-10-17,5,0,NULL,5
758,71,FR,28,2012-03-22,1500.00,10,NULL,2011-10-17,3,0,NULL,2
759,108,FR,31,2011-01-10,2500.00,20,NULL,2011-10-17,5,0,NULL,1
760,125,FR,1,2011-10-13,2500.00,15,NULL,2011-10-17,5,0,NULL,2
761,83,FR,20,2011-05-13,2500.00,15,NULL,2011-10-17,5,0,NULL,2
762,107,FR,7,2011-03-25,2500.00,20,NULL,2011-10-17,5,0,NULL,2
763,39,FR,20,2011-05-11,1500.00,NULL,A         ,2011-10-17,3,0,NULL,2
764,92,FR,18,2011-01-03,2500.00,20,NULL,2011-10-17,5,0,NULL,7
765,15,FR,23,2011-06-28,1500.00,20,NULL,2011-10-17,3,0,NULL,2
766,134,FR,7,2012-03-23,2500.00,15,NULL,2011-10-17,5,0,NULL,19
767,136,FR,31,2011-03-28,2500.00,10,NULL,2011-10-17,5,0,NULL,15
768,143,FR,3,2011-11-28,1500.00,20,NULL,2011-10-17,3,0,NULL,2
769,88,FR,30,2012-01-27,2500.00,20,NULL,2011-10-17,5,0,NULL,3
770,19,FR,3,2011-04-01,2500.00,NULL,A         ,2011-10-17,5,0,NULL,2
771,20,FR,16,2011-09-30,2500.00,20,NULL,2011-10-17,5,0,NULL,19
772,98,FR,40,2012-01-24,2500.00,15,NULL,2011-10-17,5,0,NULL,3
773,50,FR,2,2012-06-12,2500.00,15,NULL,2011-10-17,5,0,NULL,7
774,30,FR,7,2012-05-04,2500.00,20,NULL,2011-10-17,5,0,NULL,4
775,92,FR,36,2011-09-26,2500.00,20,NULL,2011-10-17,5,0,NULL,7
776,74,FR,38,2011-05-12,2500.00,15,NULL,2011-10-17,5,0,NULL,3
777,151,FR,8,2011-12-20,1500.00,NULL,A         ,2011-10-17,3,0,NULL,15
778,24,FR,28,2011-02-24,2500.00,15,NULL,2011-10-17,5,0,NULL,23
779,38,FR,39,2011-03-04,2500.00,20,NULL,2011-10-17,5,0,NULL,3
780,46,FR,39,2012-06-20,2500.00,20,NULL,2011-10-17,5,0,NULL,15
781,73,FR,29,2011-05-18,2500.00,10,NULL,2011-10-17,5,0,NULL,2
782,9,FR,3,2012-06-25,2500.00,20,NULL,2011-10-17,5,0,NULL,2
783,1,FR,30,2011-10-14,2500.00,20,NULL,2011-10-17,5,0,NULL,15
784,61,FR,6,2011-04-28,2500.00,NULL,A         ,2011-10-17,5,0,NULL,15
785,4,FR,22,2012-04-17,2500.00,10,NULL,2011-10-17,5,0,NULL,3
786,158,FR,9,2011-05-16,2500.00,20,NULL,2011-10-17,5,0,NULL,3
787,133,FR,15,2011-04-04,2500.00,20,NULL,2011-10-17,5,0,NULL,2
788,106,FR,32,2012-01-26,2500.00,15,NULL,2011-10-17,5,0,NULL,15
789,47,FR,6,2011-07-22,1500.00,20,NULL,2011-10-17,3,0,NULL,2
790,106,FR,22,2011-04-08,2500.00,15,NULL,2011-10-17,5,0,NULL,15
791,150,FR,15,2011-07-18,2500.00,NULL,A         ,2011-10-17,5,0,NULL,4
792,24,FR,38,2012-06-20,2500.00,20,NULL,2011-10-17,5,0,NULL,23
793,56,FR,9,2011-12-15,2500.00,20,NULL,2011-10-17,5,0,NULL,5
794,149,FR,36,2011-04-01,2500.00,20,NULL,2011-10-17,5,0,NULL,2
795,59,FR,8,2011-11-09,2500.00,20,NULL,2011-10-17,5,0,NULL,2
796,13,FR,36,2011-07-05,2500.00,20,NULL,2011-10-17,5,0,NULL,2
797,131,FR,40,2011-01-04,2500.00,10,NULL,2011-10-17,5,0,NULL,2
798,109,FR,9,2011-09-19,2500.00,NULL,A         ,2011-10-17,5,0,NULL,2
799,35,FR,32,2011-12-28,2500.00,10,NULL,2011-10-17,5,0,NULL,2
800,68,FR,11,2012-02-24,2500.00,15,NULL,2011-10-17,5,0,NULL,3
801,96,FR,29,2012-02-06,2500.00,20,NULL,2011-10-17,5,0,NULL,19
802,138,FR,37,2011-06-27,2500.00,15,NULL,2011-10-17,5,0,NULL,4
803,83,FR,32,2011-08-25,2500.00,15,NULL,2011-10-17,5,0,NULL,2
804,38,FR,30,2012-04-12,2500.00,20,NULL,2011-10-17,5,0,NULL,3
805,145,FR,14,2011-09-02,2500.00,NULL,A         ,2011-10-17,5,0,NULL,16
806,37,FR,32,2012-06-20,2500.00,15,NULL,2011-10-17,5,0,NULL,2
807,113,FR,19,2012-06-04,2500.00,20,NULL,2011-10-17,5,0,NULL,16
808,7,FR,8,2011-04-08,1500.00,10,NULL,2011-10-17,3,0,NULL,2
809,113,FR,21,2011-03-24,2500.00,20,NULL,2011-10-17,5,0,NULL,16
810,108,FR,10,2011-08-09,2500.00,20,NULL,2011-10-17,5,0,NULL,1
811,59,FR,27,2011-01-06,2500.00,20,NULL,2011-10-17,5,0,NULL,2
812,158,FR,9,2011-04-08,2500.00,NULL,A         ,2011-10-17,5,0,NULL,3
813,27,FR,22,2011-12-28,2500.00,20,NULL,2011-10-17,5,0,NULL,2
814,162,FR,10,2011-09-12,2500.00,15,NULL,2011-10-17,5,0,NULL,7
815,101,FR,4,2011-04-05,2500.00,10,NULL,2011-10-17,5,0,NULL,2
816,144,FR,20,2011-07-01,2500.00,20,NULL,2011-10-17,5,0,NULL,11
817,11,FR,30,2011-03-21,2500.00,20,NULL,2011-10-17,5,0,NULL,2
818,35,FR,32,2011-03-07,2500.00,15,NULL,2011-10-17,5,0,NULL,2
819,106,FR,10,2012-01-11,2500.00,NULL,A         ,2011-10-17,5,0,NULL,15
820,38,FR,29,2011-08-18,2500.00,10,NULL,2011-10-17,5,0,NULL,3
821,160,FR,17,2011-02-21,2500.00,15,NULL,2011-10-17,5,0,NULL,3
822,142,FR,27,2011-10-13,2500.00,20,NULL,2011-10-17,5,0,NULL,3
823,156,FR,40,2011-09-12,2500.00,15,NULL,2011-10-17,5,0,NULL,5
824,13,FR,15,2012-01-24,2500.00,20,NULL,2011-10-17,5,0,NULL,2
825,69,FR,40,2011-09-02,2500.00,20,NULL,2011-10-17,5,0,NULL,2
826,13,FR,27,2011-01-17,2500.00,NULL,A         ,2011-10-17,5,0,NULL,2
827,83,FR,23,2012-03-01,2500.00,15,NULL,2011-10-17,5,0,NULL,2
828,78,FR,9,2012-05-24,2500.00,20,NULL,2011-10-17,5,0,NULL,7
829,144,FR,14,2012-06-28,2500.00,10,NULL,2011-10-17,5,0,NULL,11
830,27,FR,18,2011-01-04,2500.00,20,NULL,2011-10-17,5,0,NULL,2
831,27,FR,26,2011-03-09,2500.00,20,NULL,2011-10-17,5,0,NULL,2
832,134,FR,17,2012-05-21,2500.00,10,NULL,2011-10-17,5,0,NULL,19
833,35,FR,32,2012-02-26,2500.00,NULL,A         ,2011-10-17,5,0,NULL,2
834,93,FR,13,2012-04-26,2500.00,20,NULL,2011-10-17,5,0,NULL,2
835,82,FR,2,2011-01-18,2500.00,10,NULL,2011-10-17,5,0,NULL,3
836,149,FR,39,2012-03-30,2500.00,20,NULL,2011-10-17,5,0,NULL,2
837,77,FR,8,2011-11-07,2500.00,20,NULL,2011-10-17,5,0,NULL,2
838,68,FR,4,2012-01-10,2500.00,15,NULL,2011-10-17,5,0,NULL,3
839,126,FR,33,2011-08-25,2500.00,20,NULL,2011-10-17,5,0,NULL,5
840,158,FR,3,2012-01-17,2500.00,NULL,A         ,2011-10-17,5,0,NULL,3
841,129,FR,4,2011-09-07,2500.00,15,NULL,2011-10-17,5,0,NULL,16
842,133,FR,20,2011-10-24,2500.00,15,NULL,2011-10-17,5,0,NULL,2
843,40,FR,3,2012-05-30,2500.00,20,NULL,2011-10-17,5,0,NULL,3
844,25,FR,39,2012-05-14,2500.00,20,NULL,2011-10-17,5,0,NULL,2
845,102,FR,32,2011-09-28,2500.00,15,NULL,2011-10-17,5,0,NULL,4
846,79,FR,20,2011-09-19,1500.00,20,NULL,2011-10-17,3,0,NULL,2
847,137,FR,17,2011-01-13,2500.00,NULL,A         ,2011-10-17,5,0,NULL,2
848,114,FR,24,2012-06-18,2500.00,20,NULL,2011-10-17,5,0,NULL,4
849,47,FR,29,2011-03-22,1500.00,20,NULL,2011-10-17,3,0,NULL,2
850,51,FR,37,2011-01-13,2500.00,15,NULL,2011-10-17,5,0,NULL,2
851,87,FR,7,2012-03-02,1500.00,10,NULL,2011-10-17,3,0,NULL,2
852,11,FR,36,2011-12-06,2500.00,20,NULL,2011-10-17,5,0,NULL,2
853,165,FR,5,2011-04-05,2500.00,10,NULL,2011-10-17,5,0,NULL,2
854,108,FR,30,2011-01-03,2500.00,NULL,A         ,2011-10-17,5,0,NULL,1
855,157,FR,32,2011-04-21,2500.00,20,NULL,2011-10-17,5,0,NULL,2
856,149,FR,17,2011-05-05,2500.00,10,NULL,2011-10-17,5,0,NULL,2
857,152,FR,6,2011-02-15,2500.00,20,NULL,2011-10-17,5,0,NULL,3
858,87,FR,17,2012-03-15,1500.00,20,NULL,2011-10-17,3,0,NULL,2
859,115,FR,1,2011-06-15,2500.00,15,NULL,2011-10-17,5,0,NULL,2
860,31,FR,14,2011-05-25,1500.00,15,NULL,2011-10-17,3,0,NULL,15
861,32,FR,39,2012-06-11,2500.00,NULL,A         ,2011-10-17,5,0,NULL,3
862,5,FR,19,2011-05-31,2500.00,15,NULL,2011-10-17,5,0,NULL,2
863,111,FR,4,2012-06-13,1500.00,10,NULL,2011-10-17,3,0,NULL,2
864,7,FR,8,2011-02-23,1500.00,20,NULL,2011-10-17,3,0,NULL,2
865,33,FR,15,2012-06-27,2500.00,20,NULL,2011-10-17,5,0,NULL,16
866,121,FR,18,2012-03-05,2500.00,20,NULL,2011-10-17,5,0,NULL,15
867,16,FR,30,2012-04-03,2500.00,20,NULL,2011-10-17,5,0,NULL,15
868,16,FR,10,2012-03-05,2500.00,NULL,A         ,2011-10-17,5,0,NULL,15
869,107,FR,17,2011-08-11,2500.00,15,NULL,2011-10-17,5,0,NULL,2
870,156,FR,8,2012-03-12,2500.00,20,NULL,2011-10-17,5,0,NULL,5
871,21,FR,30,2011-05-18,2500.00,20,NULL,2011-10-17,5,0,NULL,2
872,55,FR,14,2012-02-07,1500.00,15,NULL,2011-10-17,3,0,NULL,2
873,107,FR,10,2011-11-15,2500.00,20,NULL,2011-10-17,5,0,NULL,2
874,17,FR,26,2011-03-03,2500.00,10,NULL,2011-10-17,5,0,NULL,16
875,87,FR,14,2011-02-28,1500.00,NULL,A         ,2011-10-17,3,0,NULL,2
876,29,FR,24,2012-03-16,2500.00,20,NULL,2011-10-17,5,0,NULL,2
877,47,FR,27,2011-06-19,1500.00,20,NULL,2011-10-17,3,0,NULL,2
878,164,FR,36,2012-01-25,2500.00,20,NULL,2011-10-17,5,0,NULL,3
879,78,FR,18,2012-02-06,2500.00,20,NULL,2011-10-17,5,0,NULL,7
880,54,FR,11,2011-05-16,2500.00,10,NULL,2011-10-17,5,0,NULL,4
881,1,FR,28,2011-06-14,2500.00,10,NULL,2011-10-17,5,0,NULL,15
882,92,FR,4,2012-06-08,2500.00,NULL,A         ,2011-10-17,5,0,NULL,7
883,132,FR,1,2011-09-15,2500.00,15,NULL,2011-10-17,5,0,NULL,5
884,126,FR,10,2011-07-27,2500.00,10,NULL,2011-10-17,5,0,NULL,5
885,109,FR,26,2011-02-08,2500.00,20,NULL,2011-10-17,5,0,NULL,2
886,108,FR,39,2012-05-23,2500.00,20,NULL,2011-10-17,5,0,NULL,1